{
  "project_info": {
    "project_number": "976061117509",
    "project_id": "studentregistration-767a5",
    "storage_bucket": "studentregistration-767a5.firebasestorage.app"
  },
  "client": [
    {
      "client_info": {
        "mobilesdk_app_id": "1:976061117509:android:1f1260379cc135d17d5f2c",
        "android_client_info": {
          "package_name": "com.example.bmiapp"
        }
      },
      "oauth_client": [],
      "api_key": [
        {
          "current_key": "AIzaSyA96XcwJqv15ntgwX5KZ8QdBy8rNqljfO0"
        }
      ],
      "services": {
        "appinvite_service": {
          "other_platform_oauth_client": []
        }
      }
    }
  ],
  "configuration_version": "1"
}